Session_ID,Monthly_Income,Existing_Debt,DTI_Percentage,Employment_Status,Requested_Limit,status
1,4824,518,10.74,FREELANCE,9648,APPROVED
2,7012,1170,16.69,PERMANENT,14024,APPROVED
3,11935,5687,47.65,FREELANCE,23870,REJECTED
4,3520,383,10.88,PERMANENT,14080,LIMIT CAP APPLIED
5,6811,1713,25.15,PERMANENT,13622,APPROVED
6,6257,3729,59.6,FREELANCE,12514,REJECTED
7,6611,1552,23.48,FREELANCE,13222,APPROVED
8,3106,1017,32.74,PERMANENT,12424,LIMIT CAP APPLIED
9,9924,5206,52.46,PERMANENT,19848,REJECTED
10,6527,2527,38.72,FREELANCE,13054,FLAGGED FOR MANUAL AUDIT
11,4674,597,12.77,PERMANENT,9348,APPROVED
12,8881,5515,62.1,FREELANCE,35524,REJECTED
13,3711,1183,31.88,PERMANENT,7422,APPROVED
14,9201,1137,12.36,FREELANCE,18402,APPROVED
15,8925,5084,56.96,PERMANENT,17850,REJECTED
16,3750,1118,29.81,FREELANCE,15000,LIMIT CAP APPLIED
17,4307,1535,35.64,PERMANENT,8614,APPROVED
18,9227,4731,51.27,FREELANCE,18454,REJECTED
19,5664,1195,21.1,PERMANENT,11328,APPROVED
20,7374,2289,31.04,PERMANENT,29496,LIMIT CAP APPLIED
21,5803,3258,56.14,PERMANENT,11606,REJECTED
22,5677,1354,23.85,FREELANCE,11354,APPROVED
23,6598,2014,30.52,PERMANENT,13196,APPROVED
24,6752,4160,61.61,FREELANCE,27008,REJECTED
25,9572,1726,18.03,PERMANENT,19144,APPROVED
26,8155,1335,16.37,FREELANCE,16310,APPROVED
27,9482,5955,62.8,FREELANCE,18964,REJECTED
28,5340,958,17.94,PERMANENT,21360,LIMIT CAP APPLIED
29,11830,2115,17.88,FREELANCE,23660,APPROVED
30,9543,5046,52.88,PERMANENT,19086,REJECTED
